,sender_id,receiver_id,message_timestamp,message_id
0,71,54,2023-04-30,1
1,40,62,2023-03-09,2
2,42,68,2023-12-15,3
3,28,70,2023-12-23,4
4,43,3,2023-09-21,5
5,27,56,2023-12-29,6
6,80,31,2023-05-02,7
7,17,45,2023-12-06,8
8,69,54,2023-02-19,9
9,89,3,2023-09-10,10
10,78,50,2023-07-22,11
11,97,98,2023-10-03,12
12,33,69,2023-10-18,13
13,30,36,2023-05-26,14
14,44,15,2023-04-25,15
15,44,73,2023-02-09,16
16,86,72,2023-09-09,17
17,13,12,2023-03-22,18
18,98,33,2023-02-26,19
19,71,89,2023-09-08,20
20,86,55,2023-04-02,21
21,3,76,2023-09-12,22
22,82,37,2023-06-24,23
23,46,38,2023-12-07,24
24,51,6,2023-05-15,25
25,86,74,2023-11-18,26
26,49,90,2023-09-19,27
27,60,92,2023-03-25,28
28,58,45,2023-05-17,29
29,63,88,2023-12-03,30
30,22,19,2023-12-26,31
31,63,3,2023-11-13,32
32,4,75,2023-05-22,33
33,88,93,2023-10-21,34
34,73,80,2023-03-15,35
35,52,61,2023-08-17,36
36,80,37,2023-10-25,37
37,85,39,2023-09-22,38
38,5,31,2023-11-02,39
39,66,29,2023-08-04,40
40,55,12,2023-11-10,41
41,49,73,2023-02-03,42
42,14,23,2023-12-16,43
43,62,39,2023-10-16,44
44,42,24,2023-11-19,45
45,75,26,2023-06-03,46
46,20,33,2023-09-24,47
47,88,99,2023-11-07,48
48,88,56,2023-11-30,49
49,80,72,2023-05-14,50
50,20,63,2023-04-14,51
51,86,41,2023-05-06,52
52,65,18,2023-10-16,53
53,58,94,2023-05-13,54
54,22,12,2023-11-09,55
55,82,28,2023-12-18,56
56,75,66,2023-02-20,57
57,19,6,2023-12-27,58
58,7,39,2023-12-20,59
59,57,70,2023-09-30,60
60,4,97,2023-08-26,61
61,59,33,2023-04-10,62
62,32,16,2023-04-05,63
63,51,82,2023-12-31,64
64,9,62,2023-11-04,65
65,58,87,2023-10-08,66
66,28,48,2023-07-12,67
67,30,39,2023-10-13,68
68,96,79,2023-06-11,69
69,53,19,2023-10-31,70
70,7,44,2023-12-01,71
71,37,24,2023-05-09,72
72,63,94,2023-10-16,73
73,61,29,2023-11-06,74
74,19,3,2023-09-29,75
75,1,32,2023-03-25,76
76,71,7,2023-01-30,77
77,49,78,2023-12-10,78
78,32,84,2023-02-21,79
79,86,64,2023-07-02,80
80,83,32,2023-10-06,81
81,5,9,2023-05-13,82
82,70,35,2023-08-22,83
83,25,51,2023-01-27,84
84,42,99,2023-04-05,85
85,40,61,2023-04-17,86
86,10,10,2023-04-22,87
87,86,4,2023-08-03,88
88,36,51,2023-06-26,89
89,75,6,2023-11-27,90
90,48,5,2023-11-01,91
91,73,78,2023-05-20,92
92,20,59,2023-09-16,93
93,97,17,2023-04-04,94
94,73,66,2023-02-20,95
95,35,15,2023-10-12,96
96,67,84,2023-10-24,97
97,23,75,2023-04-02,98
98,47,53,2023-05-23,99
99,15,10,2023-09-25,100
100,73,18,2023-02-03,101
101,98,8,2023-02-22,102
102,46,94,2023-04-30,103
103,64,26,2023-07-07,104
104,11,46,2023-03-04,105
105,42,98,2023-08-08,106
106,76,28,2023-12-10,107
107,13,3,2023-05-11,108
108,7,51,2023-07-13,109
109,59,35,2023-11-23,110
110,59,10,2023-04-16,111
111,4,73,2023-01-30,112
112,17,63,2023-02-04,113
113,15,27,2023-12-08,114
114,59,89,2023-03-08,115
115,79,88,2023-04-02,116
116,70,19,2023-07-21,117
117,47,81,2023-11-13,118
118,29,75,2023-03-20,119
119,46,58,2023-07-17,120
120,51,52,2023-08-10,121
121,11,4,2023-12-24,122
122,71,11,2023-09-24,123
123,12,76,2023-10-09,124
124,40,52,2023-08-13,125
125,22,58,2023-04-23,126
126,88,56,2023-12-02,127
127,69,90,2023-06-14,128
128,10,65,2023-06-12,129
129,13,96,2023-09-08,130
130,87,72,2023-09-04,131
131,50,97,2023-01-08,132
132,6,42,2023-08-13,133
133,48,95,2023-07-12,134
134,5,48,2023-08-25,135
135,1,94,2023-01-12,136
136,32,84,2023-08-06,137
137,47,99,2023-10-16,138
138,23,30,2023-10-17,139
139,41,95,2023-05-06,140
140,59,36,2023-12-10,141
141,35,89,2023-06-22,142
142,89,3,2023-09-29,143
143,88,49,2023-12-18,144
144,4,8,2023-12-02,145
145,96,2,2023-09-27,146
146,22,66,2023-01-25,147
147,18,51,2023-12-03,148
148,73,97,2023-05-11,149
149,96,55,2023-12-01,150
150,27,85,2023-10-22,151
151,8,14,2023-04-21,152
152,59,41,2023-04-02,153
153,26,42,2023-09-14,154
154,84,76,2023-11-01,155
155,80,69,2023-09-13,156
156,32,55,2023-11-23,157
157,55,82,2023-07-03,158
158,31,46,2023-02-15,159
159,11,51,2023-09-20,160
160,75,3,2023-07-23,161
161,11,3,2023-03-06,162
162,41,37,2023-05-07,163
163,20,93,2023-05-31,164
164,88,93,2023-04-01,165
165,81,1,2023-03-19,166
166,36,88,2023-08-22,167
167,62,17,2023-11-02,168
168,99,50,2023-07-20,169
169,76,72,2023-11-06,170
170,73,48,2023-09-18,171
171,32,29,2023-11-29,172
172,40,75,2023-08-26,173
173,99,32,2023-12-21,174
174,94,60,2023-11-28,175
175,57,53,2023-10-01,176
176,21,28,2023-01-07,177
177,22,50,2023-01-09,178
178,2,81,2023-07-19,179
179,34,1,2023-05-24,180
180,38,49,2023-02-21,181
181,72,84,2023-07-02,182
182,5,8,2023-11-27,183
183,57,64,2023-12-25,184
184,97,82,2023-05-24,185
185,81,25,2023-11-14,186
186,86,40,2023-09-06,187
187,29,68,2023-01-03,188
188,33,59,2023-09-01,189
189,6,8,2023-08-27,190
190,74,90,2023-07-01,191
191,86,46,2023-02-04,192
192,1,62,2023-02-27,193
193,72,85,2023-08-31,194
194,38,17,2023-04-10,195
195,30,46,2023-07-23,196
196,5,60,2023-07-09,197
197,21,44,2023-08-28,198
198,82,14,2023-03-26,199
199,28,35,2023-11-15,200
200,26,6,2023-09-26,201
201,99,93,2023-09-23,202
202,80,93,2023-02-20,203
203,27,38,2023-05-26,204
204,54,27,2023-09-17,205
205,57,68,2023-01-22,206
206,74,28,2023-01-13,207
207,75,51,2023-11-25,208
208,73,42,2023-10-10,209
209,74,74,2023-12-01,210
210,27,38,2023-10-19,211
211,33,9,2023-06-29,212
212,26,38,2023-10-26,213
213,61,67,2023-12-09,214
214,81,81,2023-11-09,215
215,9,57,2023-12-02,216
216,44,93,2023-08-02,217
217,4,81,2023-11-25,218
218,40,45,2023-03-31,219
219,20,68,2023-08-06,220
220,49,16,2023-04-29,221
221,99,31,2023-06-28,222
222,97,51,2023-09-15,223
223,94,3,2023-08-29,224
224,19,35,2023-06-08,225
225,81,74,2023-11-04,226
226,86,96,2023-08-23,227
227,51,54,2023-05-15,228
228,91,60,2023-04-06,229
229,50,89,2023-08-05,230
230,69,85,2023-11-09,231
231,99,94,2023-04-25,232
232,12,65,2023-08-26,233
233,63,8,2023-11-27,234
234,26,36,2023-11-25,235
235,84,76,2023-05-07,236
236,14,1,2023-06-18,237
237,72,38,2023-08-08,238
238,7,40,2023-01-02,239
239,25,23,2023-11-02,240
240,93,32,2023-09-07,241
241,20,38,2023-03-25,242
242,77,81,2023-08-07,243
243,91,45,2023-07-02,244
244,80,70,2023-08-22,245
245,62,57,2023-12-19,246
246,30,14,2023-01-12,247
247,97,30,2023-12-14,248
248,14,37,2023-04-10,249
249,78,90,2023-10-07,250
250,75,15,2023-01-25,251
251,86,73,2023-02-13,252
252,23,46,2023-08-27,253
253,85,59,2023-01-07,254
254,66,3,2023-02-16,255
255,79,15,2023-09-06,256
256,77,25,2023-07-12,257
257,97,41,2023-09-21,258
258,69,83,2023-04-11,259
259,15,85,2023-12-18,260
260,89,69,2023-09-03,261
261,80,88,2023-12-24,262
262,55,79,2023-12-24,263
263,32,7,2023-10-18,264
264,20,17,2023-12-28,265
265,30,96,2023-04-08,266
266,82,96,2023-10-17,267
267,24,35,2023-12-15,268
268,93,38,2023-07-04,269
269,64,14,2023-11-09,270
270,43,7,2023-07-09,271
271,35,25,2023-02-05,272
272,63,44,2023-11-07,273
273,56,51,2023-09-28,274
274,99,94,2023-06-24,275
275,94,95,2023-08-31,276
276,82,9,2023-01-27,277
277,96,80,2023-08-25,278
278,49,54,2023-12-31,279
279,4,12,2023-11-13,280
280,21,42,2023-01-10,281
281,95,52,2023-01-02,282
282,34,19,2023-06-25,283
283,93,5,2023-06-13,284
284,69,20,2023-09-14,285
285,1,25,2023-08-19,286
286,22,30,2023-01-21,287
287,8,39,2023-09-30,288
288,19,46,2023-06-15,289
289,40,47,2023-08-02,290
290,73,66,2023-07-10,291
291,32,18,2023-01-10,292
292,12,93,2023-04-10,293
293,56,12,2023-02-17,294
294,30,45,2023-06-19,295
295,32,66,2023-10-14,296
296,55,61,2023-05-02,297
297,4,80,2023-08-12,298
298,99,37,2023-05-23,299
299,31,98,2023-05-15,300
300,19,85,2023-05-17,301
301,58,82,2023-06-06,302
302,44,55,2023-05-14,303
303,52,64,2023-06-01,304
304,5,33,2023-04-04,305
305,24,76,2023-04-02,306
306,21,80,2023-07-05,307
307,47,14,2023-11-05,308
308,63,21,2023-04-18,309
309,63,94,2023-08-04,310
310,5,30,2023-04-10,311
311,75,87,2023-01-11,312
312,67,42,2023-05-07,313
313,18,14,2023-03-22,314
314,3,74,2023-04-08,315
315,99,93,2023-06-12,316
316,24,60,2023-09-29,317
317,88,27,2023-09-09,318
318,39,72,2023-10-17,319
319,51,98,2023-02-07,320
320,70,20,2023-12-08,321
321,61,87,2023-02-08,322
322,20,99,2023-10-10,323
323,45,89,2023-02-04,324
324,83,85,2023-06-12,325
325,12,14,2023-04-09,326
326,62,38,2023-07-12,327
327,84,86,2023-04-17,328
328,33,66,2023-11-08,329
329,67,28,2023-04-26,330
330,59,41,2023-12-28,331
331,18,6,2023-08-11,332
332,36,41,2023-06-14,333
333,29,67,2023-04-09,334
334,59,5,2023-06-22,335
335,16,78,2023-12-08,336
336,42,44,2023-01-15,337
337,71,60,2023-06-20,338
338,75,6,2023-03-11,339
339,85,53,2023-07-26,340
340,85,4,2023-12-14,341
341,41,59,2023-06-20,342
342,24,21,2023-09-05,343
343,27,24,2023-06-18,344
344,65,61,2023-02-03,345
345,52,58,2023-01-12,346
346,84,93,2023-07-22,347
347,64,53,2023-02-16,348
348,95,38,2023-05-13,349
349,91,82,2023-09-29,350
350,14,88,2023-01-24,351
351,79,7,2023-08-01,352
352,15,66,2023-08-20,353
353,29,44,2023-04-08,354
354,98,26,2023-05-03,355
355,21,74,2023-08-26,356
356,79,2,2023-01-01,357
357,95,57,2023-02-06,358
358,17,21,2023-04-08,359
359,1,28,2023-11-25,360
360,87,9,2023-09-05,361
361,72,6,2023-06-30,362
362,64,51,2023-10-16,363
363,99,8,2023-08-11,364
364,25,68,2023-10-13,365
365,88,47,2023-07-11,366
366,84,70,2023-11-11,367
367,33,1,2023-12-24,368
368,41,96,2023-03-20,369
369,9,89,2023-10-25,370
370,70,13,2023-01-22,371
371,30,77,2023-02-25,372
372,28,70,2023-06-30,373
373,33,91,2023-09-20,374
374,77,43,2023-11-05,375
375,78,90,2023-08-26,376
376,55,61,2023-03-05,377
377,26,97,2023-12-08,378
378,17,51,2023-05-10,379
379,24,56,2023-09-01,380
380,65,87,2023-02-23,381
381,73,56,2023-06-05,382
382,97,54,2023-11-23,383
383,2,4,2023-07-02,384
384,79,62,2023-03-25,385
385,34,59,2023-03-23,386
386,14,97,2023-04-19,387
387,77,12,2023-01-06,388
388,95,42,2023-01-01,389
389,27,89,2023-12-18,390
390,81,81,2023-01-20,391
391,97,66,2023-12-04,392
392,87,73,2023-07-11,393
393,13,40,2023-01-26,394
394,75,30,2023-08-08,395
395,1,42,2023-06-02,396
396,63,30,2023-08-07,397
397,78,30,2023-05-06,398
398,81,54,2023-11-27,399
399,79,60,2023-05-28,400
400,71,13,2023-05-02,401
401,46,11,2023-06-27,402
402,97,99,2023-05-09,403
403,71,16,2023-02-16,404
404,3,93,2023-09-13,405
405,7,82,2023-11-15,406
406,98,6,2023-11-22,407
407,54,23,2023-02-11,408
408,51,70,2023-06-02,409
409,94,75,2023-04-18,410
410,27,82,2023-10-10,411
411,56,24,2023-08-21,412
412,46,19,2023-01-09,413
413,64,24,2023-12-18,414
414,98,39,2023-06-01,415
415,38,74,2023-09-07,416
416,94,90,2023-03-04,417
417,95,61,2023-07-24,418
418,70,65,2023-05-02,419
419,40,36,2023-06-03,420
420,48,31,2023-10-10,421
421,56,29,2023-08-15,422
422,59,17,2023-11-27,423
423,6,34,2023-04-21,424
424,81,99,2023-06-04,425
425,96,31,2023-08-18,426
426,82,39,2023-02-28,427
427,86,84,2023-06-22,428
428,36,70,2023-09-16,429
429,8,44,2023-04-09,430
430,22,2,2023-05-14,431
431,24,33,2023-04-17,432
432,78,45,2023-09-16,433
433,24,93,2023-03-15,434
434,30,5,2023-11-12,435
435,95,96,2023-11-02,436
436,19,1,2023-04-22,437
437,87,59,2023-05-07,438
438,7,16,2023-05-22,439
439,42,96,2023-12-14,440
440,93,5,2023-10-31,441
441,78,56,2023-09-12,442
442,23,56,2023-02-14,443
443,82,54,2023-02-03,444
444,58,26,2023-05-05,445
445,8,45,2023-02-25,446
446,42,63,2023-06-15,447
447,36,81,2023-07-18,448
448,53,6,2023-01-11,449
449,73,78,2023-08-20,450
450,96,76,2023-05-23,451
451,79,42,2023-09-08,452
452,76,79,2023-08-30,453
453,93,6,2023-07-30,454
454,23,69,2023-02-02,455
455,67,20,2023-09-17,456
456,74,2,2023-03-14,457
457,65,95,2023-01-31,458
458,24,13,2023-11-20,459
459,65,39,2023-06-22,460
460,51,95,2023-06-11,461
461,28,83,2023-11-21,462
462,96,95,2023-12-20,463
463,27,5,2023-06-06,464
464,63,48,2023-03-03,465
465,65,50,2023-06-01,466
466,9,46,2023-06-11,467
467,45,58,2023-12-15,468
468,20,61,2023-11-18,469
469,98,6,2023-01-03,470
470,66,34,2023-11-10,471
471,65,33,2023-07-05,472
472,79,37,2023-01-20,473
473,23,25,2023-10-30,474
474,4,16,2023-03-02,475
475,10,17,2023-07-10,476
476,48,27,2023-03-18,477
477,64,39,2023-06-17,478
478,85,89,2023-02-01,479
479,32,67,2023-04-16,480
480,53,35,2023-05-08,481
481,70,42,2023-08-05,482
482,72,14,2023-05-26,483
483,51,3,2023-05-11,484
484,38,53,2023-07-12,485
485,40,65,2023-01-17,486
486,91,4,2023-02-08,487
487,30,10,2023-01-18,488
488,25,59,2023-09-20,489
489,15,71,2023-03-01,490
490,6,56,2023-07-29,491
491,8,39,2023-06-27,492
492,43,66,2023-04-06,493
493,79,53,2023-10-20,494
494,84,22,2023-08-05,495
495,3,29,2023-06-23,496
496,40,90,2023-06-02,497
497,72,93,2023-06-03,498
498,87,49,2023-10-11,499
499,93,40,2023-02-07,500
500,53,25,2023-06-19,501
501,21,82,2023-04-01,502
502,31,64,2023-04-04,503
503,18,56,2023-09-25,504
504,1,61,2023-12-01,505
505,1,47,2023-10-28,506
506,62,12,2023-03-07,507
507,50,41,2023-04-21,508
508,39,32,2023-03-16,509
509,66,10,2023-03-29,510
510,38,19,2023-12-01,511
511,25,4,2023-04-03,512
512,54,85,2023-12-05,513
513,95,31,2023-10-16,514
514,37,88,2023-02-07,515
515,12,33,2023-10-06,516
516,87,29,2023-07-06,517
517,72,5,2023-02-22,518
518,68,1,2023-07-25,519
519,90,74,2023-02-16,520
520,85,72,2023-11-03,521
521,24,89,2023-04-01,522
522,92,6,2023-08-28,523
523,72,62,2023-12-14,524
524,12,43,2023-09-20,525
525,15,80,2023-10-10,526
526,12,63,2023-12-31,527
527,85,7,2023-05-16,528
528,10,65,2023-08-23,529
529,97,12,2023-06-30,530
530,41,89,2023-08-16,531
531,62,23,2023-02-26,532
532,9,95,2023-05-04,533
533,20,29,2023-07-01,534
534,32,75,2023-02-22,535
535,2,99,2023-03-29,536
536,16,1,2023-02-12,537
537,10,83,2023-03-06,538
538,82,41,2023-11-19,539
539,5,91,2023-08-07,540
540,73,33,2023-08-14,541
541,47,47,2023-12-25,542
542,12,97,2023-04-29,543
543,81,57,2023-06-03,544
544,53,13,2023-12-31,545
545,41,49,2023-12-14,546
546,22,46,2023-11-13,547
547,82,14,2023-11-01,548
548,88,35,2023-07-03,549
549,78,26,2023-09-10,550
550,35,16,2023-03-29,551
551,64,29,2023-12-14,552
552,20,1,2023-09-13,553
553,9,7,2023-02-21,554
554,96,46,2023-04-10,555
555,91,9,2023-09-19,556
556,99,82,2023-06-30,557
557,83,17,2023-09-24,558
558,7,13,2023-08-02,559
559,47,81,2023-09-08,560
560,93,57,2023-05-27,561
561,47,19,2023-01-07,562
562,28,83,2023-09-20,563
563,11,77,2023-02-12,564
564,89,26,2023-12-16,565
565,59,25,2023-05-14,566
566,22,10,2023-08-31,567
567,37,89,2023-06-24,568
568,1,32,2023-04-11,569
569,81,68,2023-10-01,570
570,64,48,2023-05-26,571
571,66,35,2023-10-04,572
572,41,2,2023-06-22,573
573,15,78,2023-08-26,574
574,71,61,2023-01-29,575
575,70,93,2023-11-02,576
576,58,17,2023-02-13,577
577,18,79,2023-11-21,578
578,63,84,2023-11-08,579
579,25,3,2023-09-25,580
580,17,80,2023-10-31,581
581,34,67,2023-11-02,582
582,99,41,2023-10-30,583
583,86,82,2023-07-29,584
584,78,13,2023-01-11,585
585,48,21,2023-08-15,586
586,13,39,2023-04-01,587
587,49,13,2023-02-18,588
588,86,22,2023-01-04,589
589,42,26,2023-12-22,590
590,13,35,2023-04-29,591
591,24,38,2023-07-22,592
592,31,37,2023-07-29,593
593,18,45,2023-02-02,594
594,60,53,2023-06-18,595
595,4,12,2023-07-05,596
596,80,99,2023-05-06,597
597,69,80,2023-09-18,598
598,55,71,2023-10-30,599
599,84,52,2023-04-09,600
600,90,54,2023-03-13,601
601,6,25,2023-09-07,602
602,97,42,2023-06-18,603
603,38,62,2023-05-29,604
604,45,13,2023-02-26,605
605,64,52,2023-07-16,606
606,60,18,2023-07-20,607
607,46,26,2023-05-29,608
608,67,76,2023-04-17,609
609,35,18,2023-11-25,610
610,70,51,2023-12-20,611
611,39,83,2023-05-17,612
612,3,50,2023-10-11,613
613,84,11,2023-01-21,614
614,96,50,2023-04-03,615
615,70,8,2023-10-06,616
616,92,37,2023-12-07,617
617,88,50,2023-06-08,618
618,63,64,2023-02-09,619
619,16,79,2023-06-25,620
620,94,54,2023-06-09,621
621,98,21,2023-01-24,622
622,22,20,2023-04-22,623
623,3,48,2023-01-07,624
624,49,10,2023-04-05,625
625,80,45,2023-05-10,626
626,2,85,2023-08-29,627
627,94,95,2023-05-29,628
628,57,58,2023-11-27,629
629,92,38,2023-01-11,630
630,23,40,2023-01-30,631
631,60,71,2023-03-12,632
632,80,28,2023-06-18,633
633,3,53,2023-05-12,634
634,11,16,2023-12-06,635
635,21,24,2023-08-23,636
636,91,51,2023-11-20,637
637,66,24,2023-05-11,638
638,24,89,2023-05-19,639
639,28,99,2023-10-20,640
640,81,69,2023-07-12,641
641,64,68,2023-02-13,642
642,51,60,2023-11-05,643
643,16,95,2023-06-21,644
644,49,44,2023-06-09,645
645,59,20,2023-10-07,646
646,43,27,2023-04-12,647
647,62,96,2023-05-05,648
648,72,6,2023-10-22,649
649,72,2,2023-12-21,650
650,9,68,2023-05-10,651
651,85,43,2023-10-03,652
652,47,86,2023-10-06,653
653,49,14,2023-12-07,654
654,50,51,2023-02-20,655
655,28,23,2023-03-24,656
656,51,9,2023-09-23,657
657,78,31,2023-10-01,658
658,21,28,2023-08-05,659
659,6,29,2023-08-29,660
660,11,51,2023-01-11,661
661,95,91,2023-07-28,662
662,39,49,2023-01-21,663
663,17,90,2023-10-01,664
664,27,9,2023-07-08,665
665,26,31,2023-01-12,666
666,24,65,2023-10-30,667
667,7,73,2023-05-21,668
668,49,58,2023-01-15,669
669,26,56,2023-02-15,670
670,44,90,2023-10-30,671
671,46,57,2023-12-10,672
672,31,48,2023-01-21,673
673,49,97,2023-06-03,674
674,26,19,2023-09-10,675
675,86,60,2023-08-14,676
676,61,71,2023-06-02,677
677,89,63,2023-09-15,678
678,58,60,2023-10-30,679
679,34,65,2023-03-05,680
680,72,72,2023-09-29,681
681,42,36,2023-10-21,682
682,66,43,2023-08-30,683
683,72,56,2023-02-18,684
684,74,92,2023-06-06,685
685,93,69,2023-06-15,686
686,58,81,2023-05-25,687
687,60,60,2023-03-12,688
688,23,99,2023-03-11,689
689,21,88,2023-02-26,690
690,24,76,2023-08-21,691
691,11,73,2023-03-29,692
692,30,16,2023-12-23,693
693,69,37,2023-09-19,694
694,31,37,2023-02-13,695
695,55,64,2023-03-30,696
696,35,57,2023-05-17,697
697,98,25,2023-12-30,698
698,47,46,2023-12-27,699
699,3,31,2023-08-22,700
700,16,9,2023-08-22,701
701,73,17,2023-05-15,702
702,55,46,2023-06-18,703
703,64,79,2023-02-10,704
704,74,82,2023-05-31,705
705,73,69,2023-12-18,706
706,89,28,2023-08-30,707
707,88,8,2023-10-16,708
708,52,88,2023-02-21,709
709,97,15,2023-01-12,710
710,78,95,2023-08-27,711
711,54,40,2023-08-16,712
712,77,57,2023-01-10,713
713,51,1,2023-10-11,714
714,84,33,2023-05-19,715
715,70,4,2023-09-05,716
716,11,78,2023-03-25,717
717,34,90,2023-03-26,718
718,16,29,2023-11-17,719
719,82,10,2023-01-24,720
720,12,87,2023-06-28,721
721,27,82,2023-08-21,722
722,52,32,2023-10-31,723
723,22,21,2023-05-02,724
724,3,85,2023-09-13,725
725,82,3,2023-06-04,726
726,43,97,2023-07-13,727
727,13,66,2023-01-31,728
728,59,4,2023-11-30,729
729,69,89,2023-08-04,730
730,20,51,2023-05-06,731
731,94,76,2023-12-15,732
732,55,51,2023-03-17,733
733,92,35,2023-11-08,734
734,37,73,2023-08-25,735
735,87,88,2023-08-04,736
736,84,15,2023-11-17,737
737,68,50,2023-02-03,738
738,60,87,2023-05-15,739
739,84,22,2023-09-01,740
740,46,50,2023-12-24,741
741,70,75,2023-12-30,742
742,74,99,2023-08-14,743
743,98,94,2023-04-22,744
744,46,8,2023-08-30,745
745,43,31,2023-04-19,746
746,65,46,2023-10-04,747
747,32,57,2023-01-05,748
748,10,79,2023-12-29,749
749,40,95,2023-11-22,750
750,34,28,2023-08-17,751
751,48,89,2023-03-31,752
752,80,74,2023-10-01,753
753,6,69,2023-09-13,754
754,43,67,2023-12-28,755
755,96,83,2023-08-06,756
756,39,90,2023-02-02,757
757,26,1,2023-12-31,758
758,27,37,2023-08-08,759
759,14,66,2023-04-15,760
760,40,86,2023-08-13,761
761,6,41,2023-11-21,762
762,43,61,2023-09-09,763
763,60,27,2023-02-05,764
764,10,61,2023-06-02,765
765,85,5,2023-02-15,766
766,7,83,2023-04-22,767
767,32,63,2023-11-06,768
768,10,26,2023-08-10,769
769,57,5,2023-08-03,770
770,29,45,2023-09-04,771
771,1,43,2023-01-14,772
772,65,82,2023-12-05,773
773,58,8,2023-08-13,774
774,15,15,2023-09-11,775
775,33,90,2023-03-29,776
776,4,52,2023-08-14,777
777,47,36,2023-10-07,778
778,18,65,2023-11-14,779
779,80,82,2023-10-20,780
780,17,20,2023-08-09,781
781,84,56,2023-08-10,782
782,43,36,2023-11-08,783
783,67,57,2023-05-08,784
784,16,4,2023-12-24,785
785,31,74,2023-12-19,786
786,72,71,2023-01-12,787
787,87,41,2023-12-17,788
788,68,94,2023-03-29,789
789,17,63,2023-04-17,790
790,72,63,2023-08-05,791
791,79,79,2023-08-24,792
792,56,49,2023-04-07,793
793,43,66,2023-09-15,794
794,83,4,2023-06-01,795
795,6,16,2023-04-08,796
796,10,72,2023-04-21,797
797,17,11,2023-09-10,798
798,88,97,2023-05-31,799
799,39,59,2023-06-24,800
800,18,19,2023-03-17,801
801,69,16,2023-06-17,802
802,65,19,2023-10-20,803
803,35,92,2023-10-17,804
804,15,63,2023-01-15,805
805,93,30,2023-04-29,806
806,25,73,2023-06-01,807
807,35,47,2023-06-29,808
808,1,37,2023-02-11,809
809,87,96,2023-08-31,810
810,61,50,2023-05-12,811
811,8,50,2023-04-17,812
812,54,83,2023-04-01,813
813,41,89,2023-08-17,814
814,14,10,2023-10-22,815
815,2,58,2023-03-14,816
816,41,65,2023-08-18,817
817,15,66,2023-07-23,818
818,91,78,2023-09-10,819
819,61,65,2023-03-20,820
820,12,84,2023-05-01,821
821,7,53,2023-09-28,822
822,82,80,2023-10-26,823
823,69,96,2023-04-17,824
824,83,29,2023-08-03,825
825,77,72,2023-12-13,826
826,45,58,2023-08-29,827
827,54,81,2023-03-08,828
828,57,90,2023-01-19,829
829,45,51,2023-10-13,830
830,79,57,2023-06-07,831
831,84,91,2023-08-25,832
832,80,2,2023-06-18,833
833,88,81,2023-06-05,834
834,87,43,2023-08-26,835
835,81,90,2023-10-22,836
836,72,98,2023-07-06,837
837,86,67,2023-12-29,838
838,38,8,2023-09-20,839
839,22,6,2023-04-25,840
840,47,90,2023-02-28,841
841,77,63,2023-04-26,842
842,81,73,2023-05-14,843
843,87,11,2023-10-15,844
844,89,53,2023-12-10,845
845,13,10,2023-07-22,846
846,18,47,2023-09-25,847
847,93,68,2023-02-18,848
848,16,28,2023-08-26,849
849,55,22,2023-08-16,850
850,6,51,2023-10-19,851
851,7,63,2023-11-28,852
852,95,84,2023-08-01,853
853,82,81,2023-05-11,854
854,30,12,2023-06-17,855
855,36,89,2023-10-02,856
856,29,40,2023-03-03,857
857,79,18,2023-08-19,858
858,17,35,2023-08-25,859
859,75,70,2023-09-03,860
860,87,64,2023-12-08,861
861,66,15,2023-05-18,862
862,25,31,2023-04-19,863
863,80,65,2023-02-05,864
864,75,95,2023-10-26,865
865,96,45,2023-04-22,866
866,83,81,2023-10-21,867
867,51,45,2023-01-27,868
868,67,5,2023-01-12,869
869,15,50,2023-07-23,870
870,93,50,2023-10-26,871
871,11,35,2023-06-24,872
872,14,35,2023-01-25,873
873,89,18,2023-03-15,874
874,13,20,2023-10-16,875
875,42,4,2023-10-14,876
876,74,68,2023-09-30,877
877,27,77,2023-01-26,878
878,8,92,2023-08-10,879
879,48,10,2023-07-18,880
880,59,93,2023-09-02,881
881,78,3,2023-09-17,882
882,99,27,2023-03-12,883
883,58,89,2023-08-13,884
884,90,43,2023-04-12,885
885,80,63,2023-12-12,886
886,62,13,2023-03-15,887
887,82,77,2023-09-01,888
888,91,92,2023-06-19,889
889,26,59,2023-11-01,890
890,50,53,2023-11-23,891
891,69,11,2023-01-28,892
892,13,39,2023-04-10,893
893,47,59,2023-04-15,894
894,48,30,2023-10-16,895
895,33,95,2023-11-22,896
896,20,86,2023-09-04,897
897,44,23,2023-08-04,898
898,86,33,2023-05-25,899
899,41,50,2023-09-15,900
900,46,50,2023-10-22,901
901,59,61,2023-10-12,902
902,97,52,2023-02-01,903
903,3,30,2023-06-18,904
904,44,52,2023-02-11,905
905,89,92,2023-10-28,906
906,65,96,2023-05-09,907
907,37,79,2023-02-19,908
908,40,77,2023-03-12,909
909,84,89,2023-02-21,910
910,25,84,2023-08-27,911
911,95,69,2023-03-02,912
912,23,98,2023-08-13,913
913,78,73,2023-02-26,914
914,98,49,2023-07-24,915
915,10,93,2023-01-10,916
916,3,43,2023-01-03,917
917,28,57,2023-04-11,918
918,93,14,2023-11-08,919
919,81,52,2023-12-23,920
920,41,94,2023-03-23,921
921,28,5,2023-06-15,922
922,6,17,2023-10-02,923
923,33,1,2023-04-17,924
924,49,90,2023-02-10,925
925,51,50,2023-03-22,926
926,10,39,2023-04-13,927
927,52,19,2023-06-30,928
928,67,35,2023-10-15,929
929,34,45,2023-04-05,930
930,75,86,2023-12-25,931
931,35,27,2023-12-05,932
932,24,71,2023-12-04,933
933,95,93,2023-07-14,934
934,85,31,2023-11-13,935
935,5,83,2023-10-27,936
936,27,40,2023-06-12,937
937,56,15,2023-04-03,938
938,22,98,2023-06-15,939
939,9,95,2023-02-03,940
940,99,25,2023-09-25,941
941,30,95,2023-09-24,942
942,3,30,2023-12-05,943
943,30,34,2023-06-11,944
944,23,61,2023-10-19,945
945,26,78,2023-06-23,946
946,87,49,2023-07-15,947
947,91,76,2023-01-02,948
948,56,73,2023-02-14,949
949,37,77,2023-10-26,950
950,48,56,2023-09-25,951
951,97,15,2023-11-06,952
952,65,36,2023-08-04,953
953,10,1,2023-09-04,954
954,54,76,2023-05-22,955
955,60,72,2023-06-08,956
956,84,95,2023-01-22,957
957,76,56,2023-08-19,958
958,80,64,2023-11-17,959
959,34,17,2023-01-09,960
960,49,3,2023-04-02,961
961,68,66,2023-08-05,962
962,65,5,2023-05-15,963
963,48,71,2023-05-05,964
964,2,12,2023-07-15,965
965,15,95,2023-05-06,966
966,54,13,2023-11-04,967
967,23,61,2023-12-05,968
968,4,97,2023-07-06,969
969,61,76,2023-04-04,970
970,11,38,2023-03-15,971
971,78,91,2023-11-20,972
972,21,70,2023-08-04,973
973,73,41,2023-11-17,974
974,96,6,2023-03-21,975
975,41,41,2023-06-03,976
976,38,42,2023-10-18,977
977,49,88,2023-08-29,978
978,78,15,2023-04-15,979
979,84,41,2023-05-22,980
980,79,70,2023-04-02,981
981,83,8,2023-11-06,982
982,15,47,2023-02-13,983
983,67,92,2023-04-09,984
984,67,74,2023-08-22,985
985,52,53,2023-04-18,986
986,85,45,2023-06-17,987
987,35,52,2023-12-17,988
988,99,27,2023-06-26,989
989,16,80,2023-12-21,990
990,62,39,2023-03-15,991
991,32,24,2023-09-22,992
992,62,15,2023-04-13,993
993,48,32,2023-09-19,994
994,27,51,2023-10-03,995
995,32,75,2023-03-14,996
996,83,12,2023-01-09,997
997,8,48,2023-11-05,998
998,33,81,2023-12-04,999
999,9,2,2023-07-10,1000
